{
  "activityRisk": {
    "concert": 5,
    "religiousService": 5,
    "wedding": 4,
    "eatBuffet": 5,
    "eatIn": 4,
    "eatOut": 2,
    "takeout": 1,
    "camping": 1,
    "walk": 2,
    "bbq": 2,
    "bar": 5,
    "beach": 3,
    "salon": 4,
    "amusPark": 5,
    "library": 2,
    "movie": 5,
    "grocer": 2,
    "dinnerOther": 3,
    "hug": 4,
    "daycare": 3,
    "mall": 3,
    "doctor": 2,
    "playground": 2,
    "swim": 3,
    "plane": 4,
    "downtown": 2,
    "gym": 5
  },
  "ageRisk": {
    "0-4": 7.48,
    "5-17": 28.16,
    "18-29": 99.88,
    "30-39": 74.8,
    "40-49": 68.64,
    "50-64": 92.84,
    "65-74": 33.88,
    "75-84": 19.36,
    "85+": 14.96
  },
  "raceRisk": {
    "pacificIslander": 0.72,
    "indian_alaskaNative": 2.88,
    "asian": 8.4,
    "multiRace": 10.56,
    "black": 45.6,
    "white_hisp": 72.72,
    "white_nonHisp": 98.88
  },
  "incomeRisk": {
    "income0": 83.33,
    "income1": 71.42,
    "income2": 57.14,
    "income3": 50.01,
    "income4": 38.10
  },
  "socDistRisk": {
    "socDist0": "16.5 to 99",
    "socDist1": "6.7 to 49.5",
    "socDist2": "3.3 to 29.7",
    "socDist3": "2.1 to 13.2"
  },
  "jobRisk": {
      "dental": 94.77,
      "therapist": 73.39,
      "surgeon": 82.10,
      "doctor": 57.24,
      "nurse": 74.15,
      "technologist": 75.80,
      "acupuncturist": 79.90,
      "med_technician": 66.90,
      "airport": 58.95,
      "chiropractor": 75.10,
      "vet_worker": 65.30,
      "trainer": 70.60,
      "school_worker": 58.90,
      "cosmetician": 57.43,
      "health_worker": 59.99,
      "jail": 60.70,
      "entertainment": 53.06,
      "police": 51.55,
      "humanService": 55.06,
      "construction": 50.90,
      "funeral": 49.37,
      "food": 50.90,
      "taxi": 47.90,
      "other_people": 23.43,
      "other_noPeople": 23.43
  },
  "locationRisk": {
    "MX-AG": 38.07937,
    "MX-BC": 40.62291,
    "MX-BS": 85.92551,
    "MX-CM": 50.46972,
    "MX-CS": 9.687623,
    "MX-CH": 18.61233,
    "MX-CO": 63.38867,
    "MX-CL": 44.02744,
    "MX-DF": 99.76196,
    "MX-DG": 33.22813,
    "MX-GT": 47.98785,
    "MX-GR": 36.13682,
    "MX-HG": 30.84575,
    "MX-JA": 22.45389,
    "MX-EM": 33.95829,
    "MX-MI": 29.64168,
    "MX-MO": 22.67808,
    "MX-NA": 34.32851,
    "MX-NL": 50.4765,
    "MX-OA": 29.13935,
    "MX-PU": 36.97672,
    "MX-QT": 28.83139,
    "MX-QR": 53.48317,
    "MX-SL": 58.32484,
    "MX-SI": 45.91308,
    "MX-SO": 61.61472,
    "MX-TB": 99.99787,
    "MX-TM": 58.98271,
    "MX-TL": 42.23508,
    "MX-VE": 30.18108,
    "MX-YU": 60.19288,
    "MX-ZA": 30.49027,
    "US-VT": 7.973201,
    "US-ME": 10.77145,
    "US-NH": 16.69622,
    "US-OR": 20.65143,
    "US-WV": 21.86692,
    "US-HI": 22.55884,
    "US-WY": 23.02096,
    "US-AK": 25.70394,
    "US-MT": 26.33844,
    "US-CO": 31.76352,
    "US-WA": 32.03024,
    "US-PA": 34.74912,
    "US-OH": 35.37143,
    "US-MI": 37.02614,
    "US-NM": 37.63094,
    "US-KY": 38.38091,
    "US-MN": 44.8708,
    "US-CT": 45.33053,
    "US-VA": 46.99284,
    "US-IN": 47.09131,
    "US-WI": 47.48338,
    "US-KS": 51.78616,
    "US-MO": 51.82857,
    "US-NC": 52.74393,
    "US-MA": 53.39737,
    "US-OK": 54.06709,
    "US-UT": 55.20972,
    "US-CA": 57.14372,
    "US-MD": 57.20423,
    "US-DE": 57.88869,
    "US-SD": 58.33632,
    "US-ID": 58.93427,
    "US-NE": 59.46245,
    "US-DC": 61.15095,
    "US-IL": 62.24372,
    "US-ND": 64.03378,
    "US-RI": 64.69748,
    "US-NJ": 66.29421,
    "US-NV": 70.66792,
    "US-AR": 70.78979,
    "US-TX": 71.37295,
    "US-IA": 71.40294,
    "US-NY": 72.10116,
    "US-SC": 76.01277,
    "US-TN": 76.11646,
    "US-GA": 82.69756,
    "US-AL": 84.3629,
    "US-AZ": 84.8534,
    "US-MS": 90.13874,
    "US-FL": 91.63268,
    "US-LA": 99.99348
  }
}
